<?xml version='1.0' encoding='utf-8'?>
<hierarchy rotation="0"><node bounds="[50,0][178,1200]" checkable="false" checked="false" class="android.view.View" clickable="false" content-desc="" enabled="true" focusable="false" focused="false" index="0" long-clickable="false" package="com.pandora.android" password="false" resource-id="" scrollable="false" selected="false" text=""><node bounds="[28,55][51,75]" checkable="false" checked="false" class="android.widget.ImageView" clickable="false" content-desc="" enabled="false" focusable="false" focused="false" index="1.jpg" long-clickable="false" package="com.pandora.android" password="false" resource-id="" scrollable="false" selected="false" text="" /></node><node bounds="[178,0][258,1200]" checkable="false" checked="false" class="android.widget.LinearLayout" clickable="false" content-desc="" enabled="true" focusable="false" focused="false" index="0" long-clickable="false" package="com.pandora.android" password="false" resource-id="" scrollable="false" selected="false" text=""><node bounds="[95,296][99,315]" checkable="false" checked="false" class="android.widget.TextView" clickable="false" content-desc="" enabled="false" focusable="false" focused="false" index="2.jpg" long-clickable="false" package="com.pandora.android" password="false" resource-id="" scrollable="false" selected="false" text="" /><node bounds="[26,294][87,315]" checkable="false" checked="false" class="android.widget.ImageView" clickable="false" content-desc="" enabled="false" focusable="false" focused="false" index="12.jpg" long-clickable="false" package="com.pandora.android" password="false" resource-id="" scrollable="false" selected="false" text="English" /></node><node bounds="[262,0][440,1200]" checkable="false" checked="false" class="android.widget.RelativeLayout" clickable="true" content-desc="" enabled="true" focusable="false" focused="false" index="0" long-clickable="false" package="com.pandora.android" password="false" resource-id="" scrollable="false" selected="false" text=""><node bounds="[109,297][120,311]" checkable="false" checked="false" class="android.widget.ImageView" clickable="false" content-desc="" enabled="false" focusable="false" focused="false" index="3.jpg" long-clickable="false" package="com.pandora.android" password="false" resource-id="" scrollable="false" selected="false" text="" /><node bounds="[193,297][198,315]" checkable="false" checked="false" class="android.widget.ImageButton" clickable="false" content-desc="" enabled="false" focusable="false" focused="false" index="4.jpg" long-clickable="false" package="com.pandora.android" password="false" resource-id="" scrollable="false" selected="false" text="" /><node bounds="[25,173][355,198]" checkable="false" checked="false" class="android.widget.TextView" clickable="false" content-desc="" enabled="false" focusable="false" focused="false" index="8.jpg" long-clickable="false" package="com.pandora.android" password="false" resource-id="" scrollable="false" selected="false" text="On going temperature notification" /><node bounds="[27,566][120,585]" checkable="false" checked="false" class="android.widget.TextView" clickable="false" content-desc="" enabled="false" focusable="false" focused="false" index="18.jpg" long-clickable="false" package="com.pandora.android" password="false" resource-id="" scrollable="false" selected="false" text="Feedback" /></node><node bounds="[442,0][620,1200]" checkable="false" checked="false" class="android.widget.RelativeLayout" clickable="true" content-desc="" enabled="true" focusable="false" focused="false" index="0" long-clickable="false" package="com.pandora.android" password="false" resource-id="" scrollable="false" selected="false" text=""><node bounds="[421,367][469,399]" checkable="false" checked="false" class="android.widget.ImageView" clickable="false" content-desc="" enabled="false" focusable="false" focused="false" index="5.jpg" long-clickable="false" package="com.pandora.android" password="false" resource-id="" scrollable="false" selected="false" text="" /><node bounds="[102,54][202,81]" checkable="false" checked="false" class="android.widget.ImageView" clickable="false" content-desc="" enabled="false" focusable="false" focused="false" index="6.jpg" long-clickable="false" package="com.pandora.android" password="false" resource-id="" scrollable="false" selected="false" text="Settings" /><node bounds="[27,266][193,287]" checkable="false" checked="false" class="android.widget.ImageView" clickable="false" content-desc="" enabled="false" focusable="false" focused="false" index="11.jpg" long-clickable="false" package="com.pandora.android" password="false" resource-id="" scrollable="false" selected="false" text="Units of measure" /><node bounds="[25,633][153,654]" checkable="false" checked="false" class="android.widget.TextView" clickable="false" content-desc="" enabled="false" focusable="false" focused="false" index="19.jpg" long-clickable="false" package="com.pandora.android" password="false" resource-id="" scrollable="false" selected="false" text="Terms of use" /></node><node bounds="[178,0][1824,1200]" checkable="false" checked="false" class="android.widget.LinearLayout" clickable="false" content-desc="" enabled="true" focusable="false" focused="false" index="0" long-clickable="false" package="com.pandora.android" password="false" resource-id="" scrollable="false" selected="false" text=""><node bounds="[24,130][136,150]" checkable="false" checked="false" class="android.widget.ImageView" clickable="false" content-desc="" enabled="false" focusable="false" focused="false" index="7.jpg" long-clickable="false" package="com.pandora.android" password="false" resource-id="" scrollable="false" selected="false" text="App Settings" /></node><node bounds="[622,0][800,1200]" checkable="false" checked="false" class="android.widget.RelativeLayout" clickable="true" content-desc="" enabled="true" focusable="false" focused="false" index="0" long-clickable="false" package="com.pandora.android" password="false" resource-id="" scrollable="false" selected="false" text=""><node bounds="[25,202][209,223]" checkable="false" checked="false" class="android.widget.TextView" clickable="false" content-desc="" enabled="false" focusable="false" focused="false" index="9.jpg" long-clickable="false" package="com.pandora.android" password="false" resource-id="" scrollable="false" selected="false" text="Williamsburg , Virginia" /><node bounds="[229,202][315,223]" checkable="false" checked="false" class="android.widget.TextView" clickable="false" content-desc="" enabled="false" focusable="false" focused="false" index="10.jpg" long-clickable="false" package="com.pandora.android" password="false" resource-id="" scrollable="false" selected="false" text="Follow me" /><node bounds="[127,294][192,315]" checkable="false" checked="false" class="android.widget.ImageView" clickable="false" content-desc="" enabled="false" focusable="false" focused="false" index="13.jpg" long-clickable="false" package="com.pandora.android" password="false" resource-id="" scrollable="false" selected="false" text="MPH IN" /><node bounds="[27,702][161,726]" checkable="false" checked="false" class="android.widget.ImageView" clickable="false" content-desc="" enabled="false" focusable="false" focused="false" index="20.jpg" long-clickable="false" package="com.pandora.android" password="false" resource-id="" scrollable="false" selected="false" text="Privacy policy" /></node><node bounds="[50,992][178,1184]" checkable="false" checked="false" class="android.support.v7.widget.LinearLayoutCompat" clickable="false" content-desc="" enabled="true" focusable="false" focused="false" index="1" long-clickable="false" package="com.pandora.android" password="false" resource-id="" scrollable="false" selected="false" text=""><node bounds="[27,360][127,379]" checkable="false" checked="false" class="android.widget.ImageView" clickable="false" content-desc="" enabled="false" focusable="false" focused="false" index="14.jpg" long-clickable="false" package="com.pandora.android" password="false" resource-id="" scrollable="false" selected="false" text="Follow me" /><node bounds="[25,452][95,472]" checkable="false" checked="false" class="android.widget.Button" clickable="false" content-desc="" enabled="false" focusable="false" focused="false" index="16.jpg" long-clickable="false" package="com.pandora.android" password="false" resource-id="" scrollable="false" selected="false" text="Support" /></node><node bounds="[178,987][258,1200]" checkable="false" checked="false" class="android.widget.LinearLayout" clickable="true" content-desc="" enabled="true" focusable="false" focused="false" index="2" long-clickable="false" package="com.pandora.android" password="false" resource-id="" scrollable="false" selected="false" text=""><node bounds="[25,385][296,404]" checkable="false" checked="false" class="android.widget.EditText" clickable="false" content-desc="" enabled="false" focusable="false" focused="false" index="15.jpg" long-clickable="false" package="com.pandora.android" password="false" resource-id="" scrollable="false" selected="false" text="Weather for my current location" /><node bounds="[25,494][168,521]" checkable="false" checked="false" class="android.widget.TextView" clickable="false" content-desc="" enabled="false" focusable="false" focused="false" index="17.jpg" long-clickable="false" package="com.pandora.android" password="false" resource-id="" scrollable="false" selected="false" text="About this app" /></node><node><node bounds="[0,0][1824,1200]" checkable="false" checked="false" class="android.widget.FrameLayout" clickable="false" content-desc="" enabled="true" focusable="false" focused="false" index="0" long-clickable="false" package="com.pandora.android" password="false" resource-id="" scrollable="false" selected="false" text="">
		<node bounds="[0,0][1824,1200]" checkable="false" checked="false" class="android.widget.LinearLayout" clickable="false" content-desc="" enabled="true" focusable="false" focused="false" index="0" long-clickable="false" package="com.pandora.android" password="false" resource-id="" scrollable="false" selected="false" text="">
			<node bounds="[50,0][1824,1200]" checkable="false" checked="false" class="android.widget.FrameLayout" clickable="false" content-desc="" enabled="true" focusable="false" focused="false" index="0" long-clickable="false" package="com.pandora.android" password="false" resource-id="" scrollable="false" selected="false" text="">
				<node bounds="[50,0][1824,1200]" checkable="false" checked="false" class="android.view.View" clickable="false" content-desc="" enabled="true" focusable="false" focused="false" index="0" long-clickable="false" package="com.pandora.android" password="false" resource-id="" scrollable="false" selected="false" text="">
					<node bounds="[50,0][178,1200]" checkable="false" checked="false" class="android.widget.FrameLayout" clickable="false" content-desc="" enabled="true" focusable="false" focused="false" index="0" long-clickable="false" package="com.pandora.android" password="false" resource-id="" scrollable="false" selected="false" text="">
						<node bounds="[50,0][178,1200]" checkable="false" checked="false" class="android.view.View" clickable="false" content-desc="" enabled="true" focusable="false" focused="false" index="0" long-clickable="false" package="com.pandora.android" password="false" resource-id="" scrollable="false" selected="false" text="">
							<node bounds="[50,16][178,132]" checkable="false" checked="false" class="android.widget.ImageButton" clickable="true" content-desc="Navigate up" enabled="true" focusable="true" focused="false" index="0" long-clickable="false" package="com.pandora.android" password="false" resource-id="" scrollable="false" selected="false" text="" />
							<node bounds="[50,992][178,1184]" checkable="false" checked="false" class="android.support.v7.widget.LinearLayoutCompat" clickable="false" content-desc="" enabled="true" focusable="false" focused="false" index="1" long-clickable="false" package="com.pandora.android" password="false" resource-id="" scrollable="false" selected="false" text="">
								<node bounds="[66,992][162,1088]" checkable="false" checked="false" class="android.widget.TextView" clickable="true" content-desc="Sign In" enabled="true" focusable="true" focused="false" index="0" long-clickable="true" package="com.pandora.android" password="false" resource-id="" scrollable="false" selected="false" text="" />
								<node bounds="[66,1088][162,1184]" checkable="false" checked="false" class="android.widget.ImageView" clickable="true" content-desc="More options" enabled="true" focusable="true" focused="false" index="1" long-clickable="false" package="com.pandora.android" password="false" resource-id="" scrollable="false" selected="false" text="" /></node>
						</node>
					</node>
					<node bounds="[178,0][1824,1200]" checkable="false" checked="false" class="android.widget.FrameLayout" clickable="false" content-desc="" enabled="true" focusable="false" focused="false" index="1" long-clickable="false" package="com.pandora.android" password="false" resource-id="" scrollable="false" selected="false" text="">
						<node bounds="[178,0][1824,1200]" checkable="false" checked="false" class="android.widget.LinearLayout" clickable="false" content-desc="" enabled="true" focusable="false" focused="false" index="0" long-clickable="false" package="com.pandora.android" password="false" resource-id="" scrollable="false" selected="false" text="">
							<node bounds="[178,0][1824,1200]" checkable="false" checked="false" class="android.widget.LinearLayout" clickable="false" content-desc="" enabled="true" focusable="false" focused="false" index="0" long-clickable="false" package="com.pandora.android" password="false" resource-id="" scrollable="false" selected="false" text="">
								<node bounds="[178,0][258,1200]" checkable="false" checked="false" class="android.widget.LinearLayout" clickable="false" content-desc="" enabled="true" focusable="false" focused="false" index="0" long-clickable="false" package="com.pandora.android" password="false" resource-id="" scrollable="false" selected="false" text="">
									<node bounds="[178,0][258,985]" checkable="false" checked="false" class="android.widget.TextView" clickable="false" content-desc="" enabled="true" focusable="false" focused="false" index="0" long-clickable="false" package="com.pandora.android" password="false" resource-id="" scrollable="false" selected="false" text="SELECT FEATURES" />
									<node bounds="[190,985][246,987]" checkable="false" checked="false" class="android.view.View" clickable="false" content-desc="" enabled="true" focusable="false" focused="false" index="1" long-clickable="false" package="com.pandora.android" password="false" resource-id="" scrollable="false" selected="false" text="" />
									<node bounds="[178,987][258,1200]" checkable="false" checked="false" class="android.widget.LinearLayout" clickable="true" content-desc="" enabled="true" focusable="false" focused="false" index="2" long-clickable="false" package="com.pandora.android" password="false" resource-id="" scrollable="false" selected="false" text="">
										<node bounds="[188,1007][248,1064]" checkable="false" checked="false" class="android.widget.ImageView" clickable="false" content-desc="Apply" enabled="true" focusable="false" focused="false" index="0" long-clickable="false" package="com.pandora.android" password="false" resource-id="" scrollable="false" selected="false" text="" />
										<node bounds="[178,1084][258,1168]" checkable="false" checked="false" class="android.widget.TextView" clickable="false" content-desc="" enabled="true" focusable="false" focused="false" index="1" long-clickable="false" package="com.pandora.android" password="false" resource-id="" scrollable="false" selected="false" text="APPLY" /></node>
								</node>
								<node bounds="[258,0][262,1200]" checkable="false" checked="false" class="android.view.View" clickable="false" content-desc="" enabled="true" focusable="false" focused="false" index="1" long-clickable="false" package="com.pandora.android" password="false" resource-id="" scrollable="false" selected="false" text="" />
								<node bounds="[262,0][1824,1200]" checkable="false" checked="false" class="android.widget.ListView" clickable="true" content-desc="" enabled="true" focusable="true" focused="true" index="2" long-clickable="false" package="com.pandora.android" password="false" resource-id="" scrollable="false" selected="false" text="">
									<node bounds="[262,0][440,1200]" checkable="false" checked="false" class="android.widget.LinearLayout" clickable="true" content-desc="" enabled="true" focusable="false" focused="false" index="0" long-clickable="false" package="com.pandora.android" password="false" resource-id="" scrollable="false" selected="false" text="">
										<node bounds="[262,0][440,1200]" checkable="false" checked="false" class="android.widget.RelativeLayout" clickable="true" content-desc="" enabled="true" focusable="false" focused="false" index="0" long-clickable="false" package="com.pandora.android" password="false" resource-id="" scrollable="false" selected="false" text="">
											<node bounds="[327,32][375,112]" checkable="false" checked="false" class="android.widget.FrameLayout" clickable="false" content-desc="" enabled="true" focusable="false" focused="false" index="0" long-clickable="false" package="com.pandora.android" password="false" resource-id="" scrollable="false" selected="false" text="">
												<node bounds="[327,32][375,112]" checkable="false" checked="false" class="android.widget.ImageView" clickable="false" content-desc="" enabled="true" focusable="false" focused="false" index="0" long-clickable="false" package="com.pandora.android" password="false" resource-id="" scrollable="false" selected="false" text="" /></node>
											<node bounds="[294,144][332,299]" checkable="false" checked="false" class="android.widget.TextView" clickable="false" content-desc="" enabled="true" focusable="false" focused="false" index="1" long-clickable="false" package="com.pandora.android" password="false" resource-id="" scrollable="false" selected="false" text="Music Video" />
											<node bounds="[342,144][408,1088]" checkable="false" checked="false" class="android.widget.TextView" clickable="false" content-desc="" enabled="true" focusable="false" focused="false" index="2" long-clickable="false" package="com.pandora.android" password="false" resource-id="" scrollable="false" selected="false" text="This jukebox can play music videos. Have a favorite song? Love watching the music video? Now you can watch it at the bar." />
											<node bounds="[327,1120][375,1168]" checkable="false" checked="false" class="android.widget.FrameLayout" clickable="false" content-desc="" enabled="true" focusable="false" focused="false" index="3" long-clickable="false" package="com.pandora.android" password="false" resource-id="" scrollable="false" selected="false" text="">
												<node bounds="[327,1120][375,1168]" checkable="false" checked="false" class="android.widget.ImageView" clickable="false" content-desc="" enabled="true" focusable="false" focused="false" index="0" long-clickable="false" package="com.pandora.android" password="false" resource-id="" scrollable="false" selected="false" text="" /></node>
										</node>
									</node>
									<node bounds="[442,0][620,1200]" checkable="false" checked="false" class="android.widget.LinearLayout" clickable="true" content-desc="" enabled="true" focusable="false" focused="false" index="1" long-clickable="false" package="com.pandora.android" password="false" resource-id="" scrollable="false" selected="false" text="">
										<node bounds="[442,0][620,1200]" checkable="false" checked="false" class="android.widget.RelativeLayout" clickable="true" content-desc="" enabled="true" focusable="false" focused="false" index="0" long-clickable="false" package="com.pandora.android" password="false" resource-id="" scrollable="false" selected="false" text="">
											<node bounds="[507,32][555,112]" checkable="false" checked="false" class="android.widget.FrameLayout" clickable="false" content-desc="" enabled="true" focusable="false" focused="false" index="0" long-clickable="false" package="com.pandora.android" password="false" resource-id="" scrollable="false" selected="false" text="">
												<node bounds="[507,32][555,112]" checkable="false" checked="false" class="android.widget.ImageView" clickable="false" content-desc="" enabled="true" focusable="false" focused="false" index="0" long-clickable="false" package="com.pandora.android" password="false" resource-id="" scrollable="false" selected="false" text="" /></node>
											<node bounds="[474,144][512,229]" checkable="false" checked="false" class="android.widget.TextView" clickable="false" content-desc="" enabled="true" focusable="false" focused="false" index="1" long-clickable="false" package="com.pandora.android" password="false" resource-id="" scrollable="false" selected="false" text="TapTV" />
											<node bounds="[522,144][588,1088]" checkable="false" checked="false" class="android.widget.TextView" clickable="false" content-desc="" enabled="true" focusable="false" focused="false" index="2" long-clickable="false" package="com.pandora.android" password="false" resource-id="" scrollable="false" selected="false" text="If you enjoy playing games like trivia, then you'll love TapTV. TapTV lets you play games in realtime against anyone else playing TapTV anywhere else." />
											<node bounds="[507,1120][555,1168]" checkable="false" checked="false" class="android.widget.FrameLayout" clickable="false" content-desc="" enabled="true" focusable="false" focused="false" index="3" long-clickable="false" package="com.pandora.android" password="false" resource-id="" scrollable="false" selected="false" text="">
												<node bounds="[507,1120][555,1168]" checkable="false" checked="false" class="android.widget.ImageView" clickable="false" content-desc="" enabled="true" focusable="false" focused="false" index="0" long-clickable="false" package="com.pandora.android" password="false" resource-id="" scrollable="false" selected="false" text="" /></node>
										</node>
									</node>
									<node bounds="[622,0][800,1200]" checkable="false" checked="false" class="android.widget.LinearLayout" clickable="true" content-desc="" enabled="true" focusable="false" focused="false" index="2" long-clickable="false" package="com.pandora.android" password="false" resource-id="" scrollable="false" selected="false" text="">
										<node bounds="[622,0][800,1200]" checkable="false" checked="false" class="android.widget.RelativeLayout" clickable="true" content-desc="" enabled="true" focusable="false" focused="false" index="0" long-clickable="false" package="com.pandora.android" password="false" resource-id="" scrollable="false" selected="false" text="">
											<node bounds="[687,32][735,112]" checkable="false" checked="false" class="android.widget.FrameLayout" clickable="false" content-desc="" enabled="true" focusable="false" focused="false" index="0" long-clickable="false" package="com.pandora.android" password="false" resource-id="" scrollable="false" selected="false" text="">
												<node bounds="[687,32][735,112]" checkable="false" checked="false" class="android.widget.ImageView" clickable="false" content-desc="" enabled="true" focusable="false" focused="false" index="0" long-clickable="false" package="com.pandora.android" password="false" resource-id="" scrollable="false" selected="false" text="" /></node>
											<node bounds="[654,144][692,397]" checkable="false" checked="false" class="android.widget.TextView" clickable="false" content-desc="" enabled="true" focusable="false" focused="false" index="1" long-clickable="false" package="com.pandora.android" password="false" resource-id="" scrollable="false" selected="false" text="Tap TV Tournament" />
											<node bounds="[702,144][768,1088]" checkable="false" checked="false" class="android.widget.TextView" clickable="false" content-desc="" enabled="true" focusable="false" focused="false" index="2" long-clickable="false" package="com.pandora.android" password="false" resource-id="" scrollable="false" selected="false" text="This location supports Tap TV Tournaments. Join today and see if you have what it takes to be a Tap TV champion!" />
											<node bounds="[687,1120][735,1168]" checkable="false" checked="false" class="android.widget.FrameLayout" clickable="false" content-desc="" enabled="true" focusable="false" focused="false" index="3" long-clickable="false" package="com.pandora.android" password="false" resource-id="" scrollable="false" selected="false" text="">
												<node bounds="[687,1120][735,1168]" checkable="false" checked="false" class="android.widget.ImageView" clickable="false" content-desc="" enabled="true" focusable="false" focused="false" index="0" long-clickable="false" package="com.pandora.android" password="false" resource-id="" scrollable="false" selected="false" text="" /></node>
										</node>
									</node>
								</node>
							</node>
						</node>
					</node>
				</node>
			</node>
		</node>
	</node>
</node></hierarchy>