<?xml version='1.0' encoding='utf-8'?>
<hierarchy rotation="0"><node bounds="[50,0][178,1200]" checkable="false" checked="false" class="android.view.View" clickable="false" content-desc="" enabled="true" focusable="false" focused="false" index="0" long-clickable="false" package="com.pandora.android" password="false" resource-id="" scrollable="false" selected="false" text=""><node bounds="[25,57][51,66]" checkable="false" checked="false" class="android.widget.ImageView" clickable="false" content-desc="" enabled="false" focusable="false" focused="false" index="1.jpg" long-clickable="false" package="com.pandora.android" password="false" resource-id="" scrollable="false" selected="false" text="" /></node><node bounds="[262,0][440,1200]" checkable="false" checked="false" class="android.widget.RelativeLayout" clickable="true" content-desc="" enabled="true" focusable="false" focused="false" index="0" long-clickable="false" package="com.pandora.android" password="false" resource-id="" scrollable="false" selected="false" text=""><node bounds="[25,69][51,72]" checkable="false" checked="false" class="android.widget.TextView" clickable="false" content-desc="" enabled="false" focusable="false" focused="false" index="2.jpg" long-clickable="false" package="com.pandora.android" password="false" resource-id="" scrollable="false" selected="false" text="" /><node bounds="[0,101][499,161]" checkable="false" checked="false" class="android.widget.EditText" clickable="false" content-desc="" enabled="false" focusable="false" focused="false" index="3.jpg" long-clickable="false" package="com.pandora.android" password="false" resource-id="" scrollable="false" selected="false" text="" /><node bounds="[40,345][48,371]" checkable="false" checked="false" class="android.widget.ImageView" clickable="false" content-desc="" enabled="false" focusable="false" focused="false" index="6.jpg" long-clickable="false" package="com.pandora.android" password="false" resource-id="" scrollable="false" selected="false" text="" /><node bounds="[72,343][121,370]" checkable="false" checked="false" class="android.widget.ImageView" clickable="false" content-desc="" enabled="false" focusable="false" focused="false" index="18.jpg" long-clickable="false" package="com.pandora.android" password="false" resource-id="" scrollable="false" selected="false" text="Food" /></node><node bounds="[178,0][258,1200]" checkable="false" checked="false" class="android.widget.LinearLayout" clickable="false" content-desc="" enabled="true" focusable="false" focused="false" index="0" long-clickable="false" package="com.pandora.android" password="false" resource-id="" scrollable="false" selected="false" text=""><node bounds="[24,278][49,300]" checkable="false" checked="false" class="android.widget.ImageView" clickable="false" content-desc="" enabled="false" focusable="false" focused="false" index="4.jpg" long-clickable="false" package="com.pandora.android" password="false" resource-id="" scrollable="false" selected="false" text="" /><node bounds="[24,482][49,506]" checkable="false" checked="false" class="android.widget.ImageView" clickable="false" content-desc="" enabled="false" focusable="false" focused="false" index="8.jpg" long-clickable="false" package="com.pandora.android" password="false" resource-id="" scrollable="false" selected="false" text="" /></node><node bounds="[178,0][1824,1200]" checkable="false" checked="false" class="android.widget.LinearLayout" clickable="false" content-desc="" enabled="true" focusable="false" focused="false" index="0" long-clickable="false" package="com.pandora.android" password="false" resource-id="" scrollable="false" selected="false" text=""><node bounds="[25,345][37,371]" checkable="false" checked="false" class="android.widget.ImageView" clickable="false" content-desc="" enabled="false" focusable="false" focused="false" index="5.jpg" long-clickable="false" package="com.pandora.android" password="false" resource-id="" scrollable="false" selected="false" text="" /></node><node bounds="[442,0][620,1200]" checkable="false" checked="false" class="android.widget.RelativeLayout" clickable="true" content-desc="" enabled="true" focusable="false" focused="false" index="0" long-clickable="false" package="com.pandora.android" password="false" resource-id="" scrollable="false" selected="false" text=""><node bounds="[21,415][52,438]" checkable="false" checked="false" class="android.widget.ImageView" clickable="false" content-desc="" enabled="false" focusable="false" focused="false" index="7.jpg" long-clickable="false" package="com.pandora.android" password="false" resource-id="" scrollable="false" selected="false" text="" /><node bounds="[235,696][264,722]" checkable="false" checked="false" class="android.widget.ImageView" clickable="false" content-desc="" enabled="false" focusable="false" focused="false" index="10.jpg" long-clickable="false" package="com.pandora.android" password="false" resource-id="" scrollable="false" selected="false" text="" /><node bounds="[0,101][11,160]" checkable="false" checked="false" class="android.widget.ImageView" clickable="false" content-desc="" enabled="false" focusable="false" focused="false" index="12.jpg" long-clickable="false" package="com.pandora.android" password="false" resource-id="" scrollable="false" selected="false" text="" /><node bounds="[73,415][152,438]" checkable="false" checked="false" class="android.widget.TextView" clickable="false" content-desc="" enabled="false" focusable="false" focused="false" index="19.jpg" long-clickable="false" package="com.pandora.android" password="false" resource-id="" scrollable="false" selected="false" text="Delivery" /></node><node bounds="[50,992][178,1184]" checkable="false" checked="false" class="android.support.v7.widget.LinearLayoutCompat" clickable="false" content-desc="" enabled="true" focusable="false" focused="false" index="1" long-clickable="false" package="com.pandora.android" password="false" resource-id="" scrollable="false" selected="false" text=""><node bounds="[67,695][98,723]" checkable="false" checked="false" class="android.widget.ImageView" clickable="false" content-desc="" enabled="false" focusable="false" focused="false" index="9.jpg" long-clickable="false" package="com.pandora.android" password="false" resource-id="" scrollable="false" selected="false" text="" /><node bounds="[72,277][117,301]" checkable="false" checked="false" class="android.widget.ImageView" clickable="false" content-desc="" enabled="false" focusable="false" focused="false" index="17.jpg" long-clickable="false" package="com.pandora.android" password="false" resource-id="" scrollable="false" selected="false" text="Bars" /></node><node bounds="[622,0][800,1200]" checkable="false" checked="false" class="android.widget.RelativeLayout" clickable="true" content-desc="" enabled="true" focusable="false" focused="false" index="0" long-clickable="false" package="com.pandora.android" password="false" resource-id="" scrollable="false" selected="false" text=""><node bounds="[398,697][434,721]" checkable="false" checked="false" class="android.widget.ImageView" clickable="false" content-desc="" enabled="false" focusable="false" focused="false" index="11.jpg" long-clickable="false" package="com.pandora.android" password="false" resource-id="" scrollable="false" selected="false" text="" /><node bounds="[489,101][498,160]" checkable="false" checked="false" class="android.widget.ImageView" clickable="false" content-desc="" enabled="false" focusable="false" focused="false" index="13.jpg" long-clickable="false" package="com.pandora.android" password="false" resource-id="" scrollable="false" selected="false" text="" /><node bounds="[210,38][291,79]" checkable="false" checked="false" class="android.widget.TextView" clickable="false" content-desc="" enabled="false" focusable="false" focused="false" index="14.jpg" long-clickable="false" package="com.pandora.android" password="false" resource-id="" scrollable="false" selected="false" text="yelpole" /><node bounds="[72,483][203,510]" checkable="false" checked="false" class="android.widget.TextView" clickable="false" content-desc="" enabled="false" focusable="false" focused="false" index="20.jpg" long-clickable="false" package="com.pandora.android" password="false" resource-id="" scrollable="false" selected="false" text="Reservations" /></node><node bounds="[178,987][258,1200]" checkable="false" checked="false" class="android.widget.LinearLayout" clickable="true" content-desc="" enabled="true" focusable="false" focused="false" index="2" long-clickable="false" package="com.pandora.android" password="false" resource-id="" scrollable="false" selected="false" text=""><node bounds="[26,207][47,233]" checkable="false" checked="false" class="android.widget.ImageView" clickable="false" content-desc="" enabled="false" focusable="false" focused="false" index="15.jpg" long-clickable="false" package="com.pandora.android" password="false" resource-id="" scrollable="false" selected="false" text="YA" /><node bounds="[72,207][193,233]" checkable="false" checked="false" class="android.widget.TextView" clickable="false" content-desc="" enabled="false" focusable="false" focused="false" index="16.jpg" long-clickable="false" package="com.pandora.android" password="false" resource-id="" scrollable="false" selected="false" text="Restaurants" /></node><node bounds="[1214,49][1406,1140]" checkable="false" checked="false" class="android.widget.ListView" clickable="true" content-desc="" enabled="true" focusable="true" focused="true" index="0" long-clickable="false" package="com.pandora.android" password="false" resource-id="" scrollable="false" selected="false" text=""><node bounds="[23,547][234,573]" checkable="false" checked="false" class="android.widget.TextView" clickable="false" content-desc="" enabled="false" focusable="false" focused="false" index="21.jpg" long-clickable="false" package="com.pandora.android" password="false" resource-id="" scrollable="false" selected="false" text="... More Categories" /><node bounds="[21,638][295,660]" checkable="false" checked="false" class="android.widget.TextView" clickable="false" content-desc="" enabled="false" focusable="false" focused="false" index="22.jpg" long-clickable="false" package="com.pandora.android" password="false" resource-id="" scrollable="false" selected="false" text="Looking for an afternoon bite ?" /></node><node><node bounds="[1198,33][1422,1156]" checkable="false" checked="false" class="android.widget.FrameLayout" clickable="false" content-desc="" enabled="true" focusable="false" focused="false" index="0" long-clickable="false" package="com.pandora.android" password="false" resource-id="" scrollable="false" selected="false" text=""><node bounds="[1214,49][1406,1140]" checkable="false" checked="false" class="android.widget.ListView" clickable="true" content-desc="" enabled="true" focusable="true" focused="true" index="0" long-clickable="false" package="com.pandora.android" password="false" resource-id="" scrollable="false" selected="false" text=""><node bounds="[1214,49][1310,1140]" checkable="true" checked="false" class="android.widget.CheckedTextView" clickable="true" content-desc="" enabled="true" focusable="false" focused="false" index="0" long-clickable="false" package="com.pandora.android" password="false" resource-id="" scrollable="false" selected="false" text="United States" /><node bounds="[1310,49][1406,1140]" checkable="true" checked="true" class="android.widget.CheckedTextView" clickable="true" content-desc="" enabled="true" focusable="false" focused="false" index="1" long-clickable="false" package="com.pandora.android" password="false" resource-id="" scrollable="false" selected="false" text="Canada" /></node></node></node><node bounds="[1198,33][1422,1156]" checkable="false" checked="false" class="android.widget.FrameLayout" clickable="false" content-desc="" enabled="true" focusable="false" focused="false" index="0" long-clickable="false" package="com.pandora.android" password="false" resource-id="" scrollable="false" selected="false" text=""><node bounds="[1214,49][1406,1140]" checkable="false" checked="false" class="android.widget.ListView" clickable="true" content-desc="" enabled="true" focusable="true" focused="true" index="0" long-clickable="false" package="com.pandora.android" password="false" resource-id="" scrollable="false" selected="false" text=""><node bounds="[1214,49][1310,1140]" checkable="true" checked="false" class="android.widget.CheckedTextView" clickable="true" content-desc="" enabled="true" focusable="false" focused="false" index="0" long-clickable="false" package="com.pandora.android" password="false" resource-id="" scrollable="false" selected="false" text="United States" /><node bounds="[1310,49][1406,1140]" checkable="true" checked="true" class="android.widget.CheckedTextView" clickable="true" content-desc="" enabled="true" focusable="false" focused="false" index="1" long-clickable="false" package="com.pandora.android" password="false" resource-id="" scrollable="false" selected="false" text="Canada" /></node></node></hierarchy>